0,1,2,3
4.30487682358845,9.746345924989614,-12.212093236528663,11.489718968391498
7.62199888061317,11.266491547021728,-1.010015630485666,6.187302082496375
-1.8161859961095563,2.430565123148481,-6.903823036650044,10.729005368345193
1.9071182152276305,11.280343380694134,9.098749555820854,7.555651526645898
-1.9619941783262864,1.7254120336579442,7.973459374436512,8.28204586039406
10.315228775642831,8.29805151957351,5.0198751863855495,13.051281591883848
4.7651653881529965,4.3809254729169345,0.5773608187084118,6.797705923451353
-1.132260395358968,4.258703437084642,-11.919371175441867,10.99116236528409
-10.24096849633371,1.6304015518522736,1.3927620735238586,9.311868399708871
-4.840467422215861,-1.2105854254263082,-8.775540677734648,10.665284838259366
6.542433344348365,9.665669906691573,-8.790103132850968,11.574117435046393
0.32659103759959973,1.1958890827364907,-12.614224471526546,10.934528436711544
-10.177727810955831,1.6543376515770922,-4.130488550088164,9.591725134773354
10.544812903342779,3.950535065226314,7.394345963607688,13.118468267727499
0.5568395261848277,6.3991782671926485,-6.119718709845689,4.76516981644028
13.048687818490533,4.0338176615170624,4.329521359164541,12.962216923008905
4.287266960269758,3.7305243132448602,-1.6374667542822463,5.753370783724865
-2.861248685192134,4.215558658051316,-9.039302516891848,10.732682099513736
7.075495717843953,9.16211066898235,7.1389573517493785,13.257148332312942
11.234259166549402,6.7861164933975475,8.758964308713031,13.35060760550136
5.698166100721245,10.214201422930781,-1.9766959379273998,5.89979077869637
4.418039069227765,-0.12248008243440611,-11.298485953009402,11.328248389534268
10.475954201980946,3.3165226540296766,-6.127890447587225,11.94018818784192
2.4345452521547526,8.627493913094042,5.888256272264803,7.463183607269787
-6.621413579188103,1.7622969940179116,4.141732162787676,8.781086243326733
0.16935225789450903,8.469406333944415,5.551638223008174,7.780809902507115
2.675828802336488,7.828409504189565,6.6463572197597225,7.421344131237975
6.342184540094157,4.839739175233506,-0.4813210648123507,6.540900524288179
6.9625506216957955,5.068392970753402,0.9530921511230632,6.6416752081087935
4.849660952785477,5.7916706402431055,5.092524282153764,7.157079888296974
5.292009552807976,4.254337949054713,-5.045793960468753,5.773790221667915
-6.683724901956692,5.181383151550935,-7.916172680635987,10.332798893848802
2.214036871553142,9.22062713046192,-5.862666868804077,4.717871540270988
-7.52500374956385,0.2604366367500619,2.3056226830326336,9.062762795923238
-3.046444509791283,10.1404050624453,-8.744765912907832,10.800085764874872
5.471632606318618,9.771260982433752,7.837925167543661,7.336147707207339
8.420158147149019,8.418020211289981,-5.746304383652895,11.911470792695546
-7.558303955183579,1.6715018688288854,1.2495948386028175,9.647867792127968
6.174649649240382,5.6283684173835455,0.15971128341056362,6.121033488651886
2.955618608957213,0.13778305822687253,14.026688143179161,13.864615620145315
0.8949443263930607,9.727918569960806,-2.73776001550653,4.82645351581168
-1.9091542408886863,3.5802088860776564,-12.10153706693314,10.83745253240709
12.443150648107585,3.9607070567156626,-2.304459384809328,12.284324155045763
9.532011038202468,2.4143539726687475,-7.415414821703961,12.016005605369633
6.740310080930372,0.4394395455540905,4.322378111301653,6.760158055756332
6.151025865521088,9.192435788001076,-2.1619919873918865,5.523705196326791
-3.114023575928706,5.022234208897767,9.343434215752877,8.129313985295372
0.8807970745962266,9.215106151829612,4.995076201041327,7.807531227202885
6.663803722844089,3.944395407244726,2.319957583903824,6.237211863985102
5.953914144673436,5.40942582504761,6.388338012438427,6.9214213722611415
6.711874473807763,3.1838784085340706,2.698146793556904,6.519411673521149
6.865802200840001,1.3159609645910466,13.273076649025906,13.744299290530112
-7.741946857840062,3.3886658392713143,3.183611365404384,8.896953383385611
5.106681366009274,5.280207291796504,4.3890908234587185,7.281177058035474
5.037732655448714,9.475424674469805,-11.407489904678357,11.470958408248006
8.174449646806558,10.575640520239775,-3.9708578013319684,5.790010368569662
1.103335568385179,8.75652630277634,-2.832831664859239,4.947346305471301
9.547062796090678,3.8814255254578818,9.000141746856993,13.1284681983218
0.28038420862830044,5.851173663067124,-4.4428566394455355,4.83030456377686
3.814027298306014,9.460741428694586,-3.9453757924491644,5.135096581950141
1.2093035885155183,0.318105760897726,-4.502441479193176,4.720106896852327
15.030015925562846,7.944707180124551,-2.167518217324728,12.465200938240871
4.276795093773585,0.7964029769098482,-0.8618032059211533,5.915816121575269
-6.945564757051498,8.168398142764557,-5.836828470839917,10.1183411018952
7.260713167646375,7.7990704436036555,-8.10813378947601,11.52499500665633
4.780847007098308,5.386411807787477,5.053255791644786,6.799226817462197
0.11730778010641885,9.084933973792484,6.574295042026785,8.073776334599884
7.445306128222098,7.63624305919122,2.7897904260738935,6.277727473580145
-6.37675996168222,3.023780516171315,-9.818912194113274,10.392809172733404
4.7338331971167955,8.616812902574404,-3.577351012407127,5.063964087718495
-8.00647558933171,4.336013796169845,3.1553580030778186,9.201665600759476
7.7274938011786745,1.8247268153788108,10.676451987931099,13.355252511272857
9.36240012297762,5.519520266832213,-10.342613320776604,11.815176330228951
4.970701094751215,0.0043365080276396295,5.762693105049333,7.1918677455853635
-6.636738631684386,-0.3614398029784598,-5.174076199129004,9.931158590586367
-2.2004632264205584,6.3452352836087655,7.2170063781896925,8.242443941920206
6.873194671297865,5.9317640720118785,-5.599714211308533,11.632062559512262
3.987770173835761,2.925782607901047,11.975480286287482,7.805944785378597
4.512433591747273,0.4004936178033267,-1.1894982165331922,5.445795955457696
3.61444308460408,7.3053476656760195,-10.277096419823335,11.371347743905552
12.785222128208146,1.6704926337523407,4.970403713459036,13.006101757482924
11.362175703795439,4.823321093314853,4.337668752856968,12.92420188785843
7.409540053971428,7.269793638738353,11.788029577337358,13.6429625616038
1.6608304980161668,9.087941363803983,-9.6923139569381,10.94820514758675
4.921354268768267,2.9952427229032343,14.753406961449684,13.637325404527845
-1.504348607181768,3.0513501663876887,-12.562152142692717,10.774585270136603
-5.677569187650258,10.027992964279301,6.235043807411969,8.648108350640538
6.698079240406276,5.593880128888036,3.1085982995404504,6.712042371725622
6.213432166288206,4.23970918276096,1.5618695350363656,6.592388477800783
-2.590889793508559,-1.8762244258115683,-10.075773039599644,10.715562949429609
3.5178009498411758,4.357295993056825,9.947453317053025,7.617153412757807
11.325852725909014,10.636181402118117,10.310310116987601,13.274486003005375
5.34511972119064,1.7257672045783314,-2.2683752066266267,5.8398458631833545
1.7625441169282743,4.453893331594134,-11.03853190226723,11.350471884295922
12.904419298644324,2.250712754932252,6.0208538041400494,13.047408486337588
9.28453035389236,0.5685018229552427,-4.897208845502403,12.046978284757062
-1.2115932995369394,3.286918742579317,9.335662317368747,8.083407066876193
4.31428681062053,5.690117177161939,-2.9277724046765305,5.636274363299836
3.222210469502997,-1.1164165026122082,6.447186846792216,7.518588646783811
-3.54603060169139,7.403748179053634,-8.54782245565626,10.59343805695904
12.705825579601441,8.676217225450952,9.538128258922853,13.182839932390351
-2.213498170004073,7.203906172690417,12.196672852625422,7.911306619744697
5.157903371726874,10.095335785004757,-4.606977435409965,5.6129343874430955
7.729718217800852,0.3012082419172315,0.662570277118195,6.27474501991751
-6.293420746372468,1.3183491792269109,-9.711101540176834,10.302036674634934
-0.8214050385802039,10.929699370744505,-4.882078632397116,4.799354771425886
-5.510001179595305,9.468044848762847,9.99149412447913,8.165514191220469
-2.500310866034905,9.077586729505514,7.873809394330807,8.209456639165634
4.450500401755127,6.109057844227069,-3.835068869036178,5.613065116687318
2.289799578786903,9.054264821815616,-2.9131902011146313,5.115395959395189
7.235165280630863,8.44959801642692,1.8763112398912574,6.916887684001236
-4.94009385334353,8.604209073319648,-7.849962636232814,10.2921769706654
-7.229772090688318,4.011165988152344,-4.836057819661072,10.117081673940143
3.8260397932176993,1.3220322835460236,0.028043140531913036,5.699291152170534
5.071816055258548,1.276567130088782,1.8790884062539572,6.568051705482935
6.57757467371278,1.1888393868413951,0.3857675349234482,5.9321125404432395
5.924273730000573,6.049109128255771,13.119104599467175,13.542419456103106
-6.32663360583671,1.814678422211347,-9.82161764432096,10.570394106223443
-7.37903206559103,3.4285355229312158,5.10032226143599,9.037314881829815
3.3981654893878073,7.753122942321934,4.096514522046994,6.773124287674574
13.308306322963782,9.644721317257128,6.742577834065381,13.0584749793879
12.029289976094223,9.247316671727999,0.17984858523152925,12.35391216441549
-9.34624303345521,5.289380313644985,4.825612839251248,8.99763117122742
8.807584193791907,2.361302055400836,-2.1461952575370433,12.122667002435426
3.6171358644187213,6.018787094712528,-2.669290740692836,5.48546096623068
6.567047670052716,0.3585690154174196,11.0352585636982,13.493186947268724
8.414049025637901,4.247983151671387,-9.866174348124932,11.778296383540379
3.2064070743494826,5.829229118885035,0.9399077248486891,6.589563887552429
-5.630152139534397,4.783161868787699,7.183144934598178,8.394884818586153
4.6890727669964924,0.0687773106473144,4.994645918208595,7.016569904995062
2.0301903895262585,3.6268370174132283,-12.311356227094578,10.994647613041112
3.171768854423131,5.272413376231813,-3.5195716717300094,5.5343885564449335
0.32558437765141063,4.6386781594469095,-9.77879156531721,10.984771724160723
1.5077990678165178,5.161433168504329,-9.604622162339336,10.992709851720955
9.559904717415058,1.6814035677147199,-6.082815498139277,12.091012516251066
3.0135508330419234,5.352523050099402,-9.598320383856988,11.34218649657311
10.249740425360692,1.1561290033898914,-6.4981681677956855,12.01061757899197
-1.2376803890324342,2.0535165295739217,11.580932520792649,7.887888570664144
3.4155210466122967,3.9340147014359013,-14.586779930463717,11.363377158856823
0.3885799423850378,0.019052973499352976,-9.825107274538379,11.005359130098661
-8.894918233865244,9.403849000531151,-7.943858257578962,10.30471305177505
-8.507366941194984,6.965622539828032,3.514465452941416,8.997643432491595
6.304879573583868,9.73434926788997,3.474559323733211,6.835754579605475
-12.276548724036102,3.963821364029169,-0.750665396222155,9.57456709240174
4.5615123441166325,6.66860660342555,8.31278437057421,7.291696096907934
11.878594731797016,5.415900755317839,3.5441690331785303,12.577760316716471
11.207253535352745,9.89444399481351,-3.187019214252018,12.232194654890547
4.800909856044476,8.492118574013487,0.18678963475356403,6.2908466571568935
10.622646216223702,6.115201757882802,7.492162235300691,13.098800605832576
-5.00549243793418,0.6689522461808122,-8.555625412126647,10.361563257297863
-6.132217651389487,7.981502549292768,1.0737075845942239,9.137462137598835
12.52404433027926,5.173963168561038,-5.093721523747424,12.341658323542399
-4.565546052636449,8.613399803459814,4.172293397620491,8.66462044843252
-1.4232204820521268,4.18140263430958,6.546322145000703,7.945473024924133
7.242028334109126,3.301902835099357,2.6305147198438337,6.6134311600765585
10.7338809822239,5.615900831271668,2.5782635475948275,12.749594949053284
5.136497895069359,1.6844141350023207,6.64037636597478,7.340093987458972
11.321043977972401,0.35908255192887895,-3.9783019989944615,12.698932921608009
6.761478121978374,7.861940313063927,-2.500291857256979,5.631992184320084
-0.5031870262861518,7.563689218852136,6.374177580794164,8.099542154804537
5.487911270760715,10.169989424101898,0.4326364953884508,6.229369182277404
2.655966851724,0.4193848506560429,-10.805323245624495,11.203363088298978
1.5796039518452276,2.9560480215302842,-5.40493492673953,4.952203097036561
2.7957827270308835,7.795594717980822,-11.668269371292682,11.079820264056336
5.9290915070980885,8.300156360485209,-8.16003737434989,11.507972404481881
-4.3188543607463385,0.24947443392505186,-8.283068657821612,10.60835506134296
11.67177163904902,9.0011116877138,3.098951311245879,12.843201826122856
-6.645214856910182,0.10663648580981216,6.811572491094756,8.859313744331203
-0.5618213317624297,0.49120138221999643,-6.5646454969029495,10.835664130210604
4.787136910677361,4.075619091803505,14.111739795458396,13.964411061305055
-9.073208445634684,5.458743458083305,6.342824162525862,8.835291571700438
2.399629549159769,6.791026602398544,-2.9020820159825225,5.16950082116525
-5.1893022593733855,1.5808923627478322,-8.523243428840072,10.566320652405278
12.763178576582916,4.234920397187723,3.0383839217161337,12.773455678931136
-3.3732053323361058,4.337182713950476,6.691685802355494,8.50957515239105
-10.239031508748896,8.065458050553936,-7.881100540438672,10.136677516990328
2.0213964719545183,0.7245444594540738,-5.811003298013547,5.35068460339682
3.2931993045449004,1.669291743670314,-2.032346921455932,5.425895769548518
5.418793547146758,9.871856344795892,1.428562152317516,6.5501989096416136
-10.487575342185048,4.999092901778315,-6.602436860154604,10.042957868866004
-7.287547729383649,7.286622525860377,-4.051725098816501,9.750937817060786
6.577864053740492,3.6842738482108257,-7.1289837087132835,11.577165197951249
9.598823870784054,3.912486433091199,-5.554398745882641,12.075192860546439
-10.734060538221941,1.1346294488834427,-2.741339829624333,9.616765651904402
11.95083402127694,2.023851785855036,-0.4311644024285676,12.537751350818311
-5.4626168829512345,2.6799478214640327,-9.891628831272786,10.054291363353085
9.341257981924878,3.3585852778087864,-8.903238252314996,11.87849532903396
1.2668840653538416,0.9557904168938529,-9.697234219252232,11.218274925045128
-8.857606892740776,8.790654852974383,-8.900771165919458,10.147709435233574
8.655824147854506,2.204277633617785,2.83252452231221,6.764084685158048
12.273395564594797,6.225122843918238,5.043976111391221,13.170816413981871
2.8499106653625437,8.757952632880606,11.508232317752682,13.952596461773233
11.41004577767356,2.8102303339385863,5.217193641200191,12.970132160073131
8.39040035097484,6.687581987298777,9.028369490056038,13.227821704134767
10.012550796665847,4.777520870010875,5.173702395262911,13.020823970031877
-1.1240789382659913,6.550160381873656,-4.620012640351367,4.7384565342865015
0.6473012649173205,7.393217850441285,5.63352503763004,7.832915995762885
-9.191210150318462,1.2076212529730874,1.1352747179909688,9.396336528754077
0.5756278997978539,6.442959215553484,-5.245781064808571,5.258664702435522
13.477254954604449,6.393550155536916,1.9134608280112015,12.684402285265676
8.444326920214284,5.767461358440029,-7.405857132054275,11.668358540708033
7.4594351819250395,8.070341988053979,4.867953942072161,6.916230662224529
-0.7529957683635838,6.699681075790154,8.661362594116575,7.850440184102959
1.6604809233749398,1.4202409483695955,-11.116134470633042,11.111432685772133
-0.6080463882266168,12.797704401664095,6.4339066005750585,7.929357031476915
0.8901959711514826,3.3929270465673413,-7.496439129969136,4.983598340001466
-1.5186483623633054,-0.316494261396792,-10.77077330365584,10.729344727000232
-7.940285483698562,7.973675556556542,3.0170856798037025,8.91198873913218
-7.825603112898619,7.902498586073099,5.152272253937593,8.780597492921794
0.7895223936635353,2.788332287146296,-10.259039257031834,10.914088697793805
5.732665106518543,5.732917427933405,12.761910440505448,13.892094801085667
-7.9575465328397765,1.308656612771222,4.437892211469876,9.104215399911753
-3.391220618510559,2.779029663590343,9.165790136843366,7.983582061604795
0.8559176603551002,7.7860412103724705,-13.166266504509622,11.250985242923186
14.660945538142066,-0.3368727898028019,-1.341359710527601,12.361678464968039
-5.023229453548861,8.759428820987337,-6.173940036560725,9.922733763869026
-0.7345629171362965,8.615672407862522,5.541372604315851,7.864009821194821
-0.6265360915728546,5.183884745772163,-3.7024742673845363,5.029911431884545
16.29213552017883,5.256154917339457,4.400313025206937,12.716182383304009
-11.216129405661533,1.0058959623819765,-5.82652114175457,10.106993357771396
6.300355562664077,2.896020666241136,8.675330182482195,13.500072842320831
1.7069138651117102,9.45764035229821,-12.370556063341308,11.064134006020485
5.681775923871415,3.6526439126131636,5.837610508281732,7.256168007159334
10.846091175615054,10.652337811804646,0.7105056544917898,12.476896105011065
12.402849688917113,3.1696411126825748,5.6249136998559655,13.051071991235185
9.226485065651291,0.35099593969303977,1.9976756591443787,6.090817997177661
7.145629895043144,2.778340443697373,-8.904907490584014,11.59282326388324
-10.80819264410454,8.17640242540718,-0.46480991546502803,9.604193661381592
3.1563767081487337,5.6472051844708435,-3.7533056327135084,5.257031865361854
-4.828295808092891,2.517925483428627,-9.2328457105706,10.390874222766719
4.05780489072906,7.2150433599512915,3.6878442739679214,7.085944445942771
5.940561382358381,8.141661110129395,5.959225170359979,6.958514367060735
5.894845456057343,1.1757822642715179,-9.897971495746129,11.439596756259586
12.982644717060015,0.8306076771595677,-2.5184297984302164,12.471563430140916
5.158785780812423,0.7037076004890785,15.994443545628522,13.823201818587263
0.32113733997420146,8.864622224587107,13.320685424174195,13.865068436602693
-2.06017160756677,1.0717928405274757,-10.388374647801927,10.754060814560757
12.71157262422443,6.8594764950298694,0.8839815167057625,12.63935593262728
-5.147114723766339,4.301810238690601,-7.747907551827786,10.188752098879197
10.830387255831946,7.368802900069088,5.013249627506866,13.049428255718151
-0.3314976044953253,2.9228717831947977,-4.895471070248619,4.992515675250479
6.423238313706797,2.729762965992796,6.538484652901207,7.037342522509724
-1.3253538704142929,7.578619112839887,10.633748204473097,7.9529929316828465
9.260660620812788,6.672890434558495,-7.413536408652181,11.81382409480898
11.723494745876772,-0.5272558506405378,-1.3377438181159702,12.330496135761798
-1.423769613629294,9.023304485251815,-14.189879367607304,10.758351636698535
-5.01222716581506,9.45026944273075,9.002922174295893,8.349449122976203
12.584345991578708,4.270666875011685,-5.931693412497907,12.233267953253959
6.167538276931518,3.693323658668348,-6.735979169834048,11.659342365197983
6.498838216329875,6.345212382626596,2.1341949193816117,6.926942995951337
2.353563124496723,1.1613383713903533,-9.82909006950133,11.275589480259306
-8.466850714900481,11.671604684182153,-1.5700610156182422,9.771803121713818
-3.7499752960440755,7.227469376535902,-5.817289584410295,4.899060607421908
2.1161064182584814,3.16764695133994,6.67836322614046,7.647061288148544
6.530154693912781,0.9541655188868323,1.3892701029790464,6.428019796273802
-6.071113504500238,6.709774907456332,7.953248669523178,8.653672340357716
-2.7730423812088953,9.824082017218931,-9.582010782792869,10.774258837601707
-5.640911662709748,7.268283865385669,3.6835101506135173,8.857161401472263
2.440615732252419,5.806054812712589,14.488271990253036,14.067488970094054
-4.008927942499144,6.61724527982556,6.734978224558909,8.568747479160391
6.667429402619452,2.114837380002734,-10.403668930022867,11.56930336045861
11.926011383589337,6.622074287859665,-8.520373005115317,11.912542941398248
3.543846795722888,7.1014011147010425,-10.800122620469413,11.228527724943238
-4.6354103454837094,8.597895382176656,-3.5493346697016035,10.076940165604643
6.580747009101526,9.971254319510567,6.316588618605717,6.93274517149733
0.4396394934852228,0.7157924212377313,-9.822439465707497,11.082061615176148
9.857608775286401,6.394924016099211,-0.9591352108133289,12.47118125611299
4.295366665499088,3.904816432420949,4.40515926117141,7.29916459972493
7.296436249643264,5.581040441828699,2.231651893173388,6.542239726314433
14.820213089477008,1.7536159029978753,0.47475865107952386,12.508816981935551
-8.361473909901353,6.85673334543841,-3.4440186485220186,10.024531896086001
2.838418406815121,1.7994960277634082,6.911158997809656,6.936625430961736
-9.30893877710031,2.815906244250062,-2.0951396925735324,9.837953470910307
3.229873311871163,5.634200245227209,-5.206376956848632,5.169887882541498
-1.5217019821708841,-0.3164294507508345,7.522356289792802,8.084933677436984
5.801351965526875,4.129121724197543,-9.556428154061575,11.397738841988849
10.355971686431834,0.4313013844669582,8.18076735411347,13.366528005924666
0.9456152514198422,7.998078873656631,7.668029797069193,7.896347096007307
2.8174561600268637,1.3574365745934167,-3.481963637101355,5.18541078436687
1.2657206133503747,5.117449564759775,-11.81854781144252,11.232882818094573
3.844392398037775,2.331111512221974,12.369876615373958,14.046525966293862
-9.746389564695164,1.7766687621673638,4.648971813203183,8.825708725056549
-10.94685946907165,3.6004354148611064,0.16346408257288836,9.584753409031043
-7.682009336968915,0.9313964457645245,-1.0306097210859781,9.591028085518415
-6.124928875045197,2.377820373771279,-6.626166932655641,10.070297787735655
-11.015806917378596,10.319605710543595,2.10389358482205,9.334269774118617
-4.258404252037789,9.23989206730296,-12.581345672119943,10.673237894222787
6.782411863624352,5.6376714579540534,11.151841264171647,13.541249091560566
-8.269096085397821,-0.41139533880880297,-0.8875892617869559,9.071753797525204
3.74326004210078,3.247709249057767,-11.012397798400087,11.229331882793113
7.154006031370466,8.190413731434898,12.091199824609433,13.677852442383907
3.157674533110291,7.59921174749138,7.393723657191317,7.321045780941651
-10.075074773803921,9.374100874887638,-4.113133167873061,9.81320482494073
9.00048982535634,6.659460373723228,3.7742195413117243,6.654408626818548
1.7490729648522034,-0.4018473271943446,-2.5635545758058687,4.829716606720791
1.3101487443283821,7.421943099338724,-10.825892708659248,11.080407687184625
2.2505661678635307,6.753299298246495,5.487203032647879,7.211590892333585
-5.585627369820546,7.984660117331296,-9.554305011311293,10.440075835844386
6.6669571158254195,6.520650026974401,0.04933499780091921,6.022683031300108
3.6980311554231884,6.0776424879915165,6.126167159506438,6.833380288488556
-7.0730134440988515,5.96937868356414,0.16499453224565608,9.21554988618034
10.169272386207219,2.1668708141995636,-8.816773995992447,11.995353644559573
-4.177333681762467,-0.23609769136453784,-10.169881561931293,10.406419672666276
7.490000076200842,4.347141276408274,13.541979658086877,13.559636532294089
5.707512281071965,2.937390880895265,1.913991090623932,6.653120979926443
-1.0259840757128236,0.4220091195645226,-6.365106515447033,4.888167968591979
0.05772987999662271,3.298262095103568,-7.4345942866887835,4.866493194199907
12.011804485532856,8.227739919752125,-9.229045820342915,11.928904354104038
12.308957065512633,7.253320529869546,-5.68807069142022,12.175410015816732
-11.004555370720809,6.292635672169454,-0.8402905348278056,9.143935526486779
7.5035463478868625,5.402237206608996,6.791305452521907,13.188891608674721
-5.70076502851445,5.652244829773419,-10.962313993171238,10.495848930932018
1.2975638163032746,6.269442806747644,-10.401230180971037,11.232417042419195
4.503852910807763,4.778312017745103,6.403704855343551,7.0568107623672205
-7.044956242690024,5.090309608974095,-3.6113849745875712,9.9647713385083
4.226234114453048,9.143855488692337,-11.223641136435361,11.178494455744078
4.238930748027041,-0.8451345997537902,4.592681545106323,7.341683608145657
-0.7048057009752366,3.6550342642137466,7.260277179974695,8.118055978648453
0.918609655161482,2.2333855373317837,12.672848069305198,14.097051483645421
12.032170038930756,7.0474232054385695,6.243243039964211,13.05746798519331
-5.808423076619464,8.654170440627382,-7.506411837177222,10.151441734978206
2.5771274715795207,9.569533635189966,16.289630185388862,13.951644332328142
5.739702659326354,2.798328437623006,11.960960073210469,13.759697424395425
-2.0140268752793045,5.7059490480751505,-9.45250570943053,10.691353123769305
-7.259197037418249,4.148014099857958,-3.610879977470291,9.985248309978601
9.794941178208042,2.6633040022910923,0.6366186247331623,12.616439547579803
5.629966033094453,11.806193642085073,-3.905554622587349,5.078021635701507
1.7867623842385993,8.198787252195263,6.375943394589574,7.646744366979474
9.761575210784967,8.315916701288177,-4.165271817349919,12.333204796713037
8.633833718625361,5.056987072444546,-1.5195294725395188,5.938180132882322
-7.603007749173095,1.9186290614840686,-2.730255175501121,9.620863018646766
6.790236027031029,2.109445870245584,6.753958608106099,7.169160811032843
1.7707242420001013,6.5558860774837555,6.716536751417697,7.700595032089378
5.228698174929667,8.693720756426675,-8.09463468080125,11.397362419843374
-6.499680610493503,4.882195610343924,-8.658859886308514,10.274376678825138
0.5961483091384303,0.2939321124050027,-10.495751753487804,11.163299152748882
7.413141576541417,6.665159010502321,-8.047037119483077,11.689642937011605
2.840669555242239,4.486612663549119,-10.933140034907279,11.174411549611424
11.194867114357317,8.409003548999413,8.48511438949498,13.31171208487537
6.717289910553022,6.6974159769652255,9.964066117787997,13.580228265640278
9.798515579929695,1.1846174768230564,11.533289398216391,13.381417155894274
-8.118036469474713,2.120803851710962,-2.9364426795724468,9.6464489254381
7.79811480697683,4.222857334232825,3.4792106506734224,6.681202102899089
-7.107699489392045,3.5703907472954937,-3.3586758077966703,9.722410267946087
1.1446153230423612,11.511692076960568,9.437452093863705,7.91059774335758
11.838210459405165,12.817521372270416,7.724742793916398,13.27667014885796
4.74173017356835,8.174400875497108,-8.16715274957159,11.432957133685324
11.31031144538387,9.060474557312574,-4.0543926100902326,12.29754512865322
3.043829675300953,5.315434397739049,-7.678826980347075,5.381699485679492
-8.993157135634755,8.234270889705126,1.2315605823592377,9.369057041831816
9.911083202036533,0.823947641228926,3.2752632885885324,12.929420880633236
6.295784896245441,4.620623406432661,14.95706086551317,13.672844076866037
6.662087923699028,-0.08025861726316652,11.794944578645556,13.847941769657057
2.5302085490021593,10.586499114865628,13.572877201828137,13.913958476385833
7.5980431771357395,5.575045671368963,6.330473121098876,13.211827599407698
-0.047541239297218985,8.205711850686384,-9.863775068302415,10.883167955146497
5.708901420143773,0.43807888311092125,0.5049295353487965,6.255477739321271
-1.662506220802072,9.211763864611804,-10.695076074301484,10.674191347457462
-8.50811512985756,0.4962259370123201,5.53999288910239,8.965450205045611
9.85362945465046,5.509692395753703,8.264820351477198,13.096042671723398
3.760503729302934,9.159395451500007,14.955940832764357,13.796335654652358
-1.136682254773374,8.645748071412253,8.958133323516028,8.035220694476473
6.432924581169834,7.097846799818877,5.9172342566638,6.983886284813707
-7.8733018881069725,8.997840560166793,-9.710478072222848,10.251345439222634
12.564589687073818,6.0250875414093725,-3.6792016371494745,12.348058970902793
6.863371456884464,9.29035783142209,-1.2324321949004289,6.246275477478087
7.920578773736333,6.846800509481861,-6.029966686094523,11.807513772350811
6.998878497220079,3.650126729928239,-7.911294916333267,11.85116605776092
-1.358259499079521,-1.9380818472667611,-13.389775766039156,10.732093348933939
11.375989452392854,-0.19761276739132816,-8.138572797899217,11.811669052816875
1.7319474731620383,2.0802307942954696,8.820740310781714,7.922462565923788
1.2985438340546822,7.599591993344265,-11.002095071435413,11.060349104895492
-8.575606061246399,7.299539496201497,-6.266703274198871,10.02714967539075
-9.348234496384164,1.4615435711831568,0.37331980087420297,9.400353534304548
3.866504694098569,1.9668617599019846,-11.503641605747703,11.533422183187664
4.613835618583455,5.993275045096253,-2.9625541591618205,5.531839621541576
5.909966624251502,7.840164572959292,-4.6121137221061135,5.435088351394949
6.100872042164345,3.337390931224346,-0.2634354651942973,6.196525986650851
6.063264551399859,0.7485112994235577,-3.6372095837498923,5.497260289780513
6.559873677084463,1.022716023995359,-0.9898520322789358,6.319209534429882
5.3463941876913506,11.708827948187505,-6.3292059610902545,5.448367429143441
4.610563950451344,1.7947511295338296,0.18118565520933094,5.884945076529317
0.3854606570819498,5.7400549216244,-5.544819587370791,4.804229682081833
4.834263034081911,6.193657969067697,4.259477606931265,7.0487189844220905
5.915417806128137,4.6169289379844685,-1.379012419708512,6.284691521410661
0.3309469497856561,4.437775431815053,-4.9809711322108505,5.015631156943526
4.998977252981649,3.0116374154483503,-1.5861990378307058,6.12449404954885
3.460912308330909,5.814949508824285,-1.1641859475399978,5.716277844108963
6.977304689617198,3.267145757607029,-2.0336522692070593,6.3073137399174035
0.4409307659292021,4.001871087199198,-4.848800177866346,5.249649563973283
1.5056868100295377,6.519048017126343,-5.9325407190213415,5.1058269282554365
2.4947441685941927,3.5817346225164233,-4.996357805727851,5.140295168291802
3.076680157733591,1.9820913453793363,-4.476031868905238,4.984225869785218
1.9110068338122905,6.753436556425335,-3.0670690043074202,5.179291699682333
2.5107992346900168,8.89034237466829,-5.559172329169586,5.259609501393157
1.963679653026079,1.5495646252147526,-4.321103976992071,5.328566347179388
1.1526126388163687,6.718192298031045,-4.99920735722432,4.9840357319926465
1.3171837496712997,2.700842730820452,-2.7599256206757876,5.271425282989657
4.6856341774276125,-0.7760092098934672,3.0540604961104263,6.501191936341685
6.661892057382412,9.836471720190126,-1.5922237876461545,5.795599409782645
-1.9559032028253331,5.343484702058893,-6.511354359751701,5.034027395936896
-0.24008745231510814,2.5130364233936477,-4.434676079401813,4.74604938622152
6.749531586661973,8.40725178511681,1.5723148881675784,6.101039527131957
3.3705079310063244,6.486987827720336,0.7369678080662234,6.421230642278894
3.426197976107667,7.138916360290159,-3.523386149666952,5.682394039434418
1.3025898300222636,-0.15041285339237864,-3.9609925653870492,5.043546929811671
3.4442716767125416,6.8744544130593255,-2.555918097381882,5.753841511965639
7.5434602472554,6.8668761626143295,0.40949198624728955,6.250392826840149
4.963182432223604,5.839615784193985,-6.41342986030974,5.34531256937114
5.750544453770837,7.42337017608388,-2.2322259213633173,5.826963110950082
0.4688741434747103,1.6200855672563221,-3.4902389907174625,4.818849703314349
0.9415219803103295,3.720089627973425,-5.255473489020705,5.002372219845375
3.1410992629291274,8.342837836345744,-4.174136700893653,5.581300285955621
2.0632894969736792,8.56135762966646,-1.275457729894721,5.29638521244576
3.5859241800821073,3.951872007810456,-3.5795025321196423,5.6304971871423986
1.1531948376059176,7.802121177720215,-4.299578005422286,4.998222499025856
2.122227703383335,6.132439283214005,-3.9351026824853554,5.12644180400397
-0.19634708511891263,8.402340174191856,-6.665847735913577,4.956166564828098
-0.46805826751999846,2.8544622867537672,-3.4636734964891014,5.087648633423883
0.5032182900939333,4.207057383795096,-2.424932507530733,5.310370159212926
1.4601027596307943,9.91574451203106,-6.481699769836999,4.790997570496477
8.507328499510585,8.888010589419526,3.9732139065795717,6.288906653552948
-0.0707210771230975,6.156246156126549,-5.819943707591937,5.378315390208535
7.991560770206153,5.3753764211659245,-0.8980002373602678,6.0465699869959835
-1.154592664056708,5.871579213461683,-6.3541125990496,4.854512485763622
5.608274734098902,4.567721278719925,-2.5643214236343375,5.536438615459484
3.4747241764438517,4.85862924382075,-4.707655252544174,5.323424864914726
-0.4851863288307585,10.124136341623805,-3.567127474466827,5.0615759624295045
4.506185690388114,6.526357356194666,-4.116515242685844,5.334333130122599
7.723533466637449,1.581142885929633,-1.4468122158283654,6.103625582909668
4.7773477747305275,5.785571394304364,-3.20406418162102,5.2532519063324665
8.392455651064726,4.247369823025962,-2.3927672050960638,5.877914728711411
1.240181046983963,4.431427405242665,-5.237967433821289,4.919089976110398
0.8468420673764223,5.3140610830299035,-6.080160827117801,5.368938627904378
2.539191157535509,2.373840720994369,-5.754055678367149,5.497183387150232
2.1636223401151176,0.5124125004218569,-3.271157760335486,4.998333745679394
2.780761283378477,1.4435722251001133,-4.338811761172174,5.424944086641339
1.8934190849997539,1.352340400027309,-5.854290255943919,5.069502282601537
4.967851690394305,7.4522939432983275,1.2934467730873167,6.329017532610858
5.9529475984678015,8.742673729766837,-1.519165084577029,5.774409082676708
4.025046959303817,7.07557196979978,-3.900025235216726,5.233264691017032
5.136942403948451,1.83066034378216,-2.5624607751656923,5.918192240262425
0.44771524668300255,7.283434764831352,-3.859290908111763,5.015983032732953
5.25922252277366,5.277702154623723,-3.1772994699959223,6.129981857836254
0.26591793313680817,2.8214226885291898,-6.0436611914884,4.86520592309629
5.388679780271399,3.2937233260106153,-4.018186849958967,5.397351879298478
1.6258813235661311,5.594055318624103,-4.50579651283829,5.105444354308723
4.7053275335868925,2.7399215905131404,-6.523363460364758,5.456137773535238
4.319382379199766,7.576569479250267,0.30952926043034323,6.115397718530603
-2.141600550046838,3.83240702008721,-8.058387489927476,5.0070840624475705
3.1526797917960034,8.485233136047784,-4.237156233093624,5.244873232326073
4.4522227496544104,0.8585435705335027,-2.6512686007605195,5.718058565827414
-0.33884604488245673,6.348031182142794,10.071791533128586,7.976675733298168
4.9402824074355,5.159056221505681,-0.79511835350181,5.9323067802047715
5.881706274205385,4.006791181291415,-5.9861783671854,5.247919906025952
3.672427757680018,2.0401573267095845,-2.075678251054386,5.720890738942335
1.5856052492846056,9.522667017369326,-4.8372768171479175,5.110050433970814
4.038588267277075,5.462306872747183,-4.730840697888176,5.373544563337908
1.0646112608825344,2.010760675641743,-3.1864968090838715,5.635435395709937
0.14645311832356844,4.147274070692055,-4.5310159116841096,5.037618222106782
3.393698936186795,8.429659773093451,-4.730604814549622,5.109338375879864
4.8214903567134915,3.1753149256198627,-3.205426157687319,5.656091098755263
6.4476560615827925,6.766497406127768,-1.315292357301647,5.662284717231044
-2.0211975765887216,5.74992544387365,-7.106246369893283,4.78211575072817
2.421379298695056,2.6681644049160207,-1.2699408956923879,5.1146214953097155
4.696754973861553,3.8288887010995474,-3.89086926535353,5.310917616930893
2.4024972269282134,3.2826756339575556,-2.5117144214107743,4.934343536558292
3.806836102334957,8.2809709307106,-4.187825368641373,5.829988273750876
6.556442876388969,8.17019619231647,-2.1990476683187588,5.9972922346574595
2.8097085525858594,4.642871437186337,-2.6787186494537947,5.132294517078742
3.4893741048329336,5.601933277905282,-5.660211456675215,5.465340742035346
5.686535546140904,-0.16896822511208542,-2.4397454109933867,5.7787238782314585
-0.061492070927330555,5.1375947989640975,-7.527231793469305,4.831900744651753
3.0621326699678675,10.54104493465737,8.54865664042184,7.109027803421085
3.8992274306654737,4.73618163548878,-4.469286274556916,5.238164889634893
4.238043515626576,4.275975055898138,-2.193228897399833,6.152050321137355
2.3087466592937522,4.80694463751117,-1.3712610214789103,5.864404203149661
5.193634785468573,6.745981420648145,-4.564247291212706,5.085724753699384
-0.22767935895465607,7.016641058311917,-4.963233880222324,4.82214809706426
-0.4495383451000293,5.1902796425028175,-6.584297291665505,4.891039891779312
2.817785827193969,5.0640174815606365,-3.033245246467472,5.3018802481675795
3.1118306166006207,1.8021266014111506,-4.956974342435917,5.599996304048453
-0.13499842773640314,2.922124420350066,-4.819430201677363,5.102623623667775
3.704715170422035,4.931874456625527,-2.7578529412836175,5.840134315132715
2.834624238875268,5.4937926697522155,-4.004113098184499,5.249252600724067
2.6970325401359956,7.350912749829012,-2.1279841358555434,5.742311371571326
3.400859050212198,8.085612380215933,-6.382723130217817,5.271364608960584
4.825631289048498,8.340710580252319,-2.5840141952459854,5.679703715005416
7.971405178250816,2.563022431484689,6.165666798026187,6.722283601129064
4.881907760861498,1.7363079426156096,0.7616569826802904,6.088119843019062
0.7174903387717464,5.002076682206523,-7.975746439415449,4.854840818819722
0.4639564004649477,4.485315139005301,-4.403790235120588,5.071739193281576
7.687730623263868,1.6647853440105709,3.208819763455964,6.416716249426096
3.5644402145636285,6.159148645042365,-2.4073331736927974,5.5022776810001
4.714183062372711,5.360955503115145,0.8474794007502306,6.21482289356905
1.8148713959571925,6.48700446322318,-6.530768576539661,5.1385343578942555
3.340129939330406,3.768530915146525,-5.80296579531824,5.300756026742082
3.6282196443803008,3.7147511455607636,-1.7836509516541326,5.69583290920718
4.095010697491193,6.910746469929582,-2.8359834617257835,5.9396271350519685
4.712104602293091,8.143380386551224,-2.4035625808931687,5.592285994968553
2.328387445439608,1.6083977952533408,-3.618161377146937,5.400089160368655
6.105306121930376,3.1158681064613596,-3.421436331951331,5.601050019009169
6.045231184449492,1.3944093094257273,-2.4240751766337416,6.098229807866511
-1.9589421527589619,3.7389913474638887,-5.169158226779486,5.032591397947557
5.387073171107775,1.802273722677854,3.7405990007187433,6.728003780521592
5.727221507713959,5.406938176081841,-2.6440042143164284,6.028523861910824
5.7701358296554135,2.602965349295432,-4.7693621250848475,5.796988769732127
5.448069282563518,2.2919678847508074,-9.32636726014289,5.615181145730647
4.071233194869812,6.049582377218115,0.43674283789941204,6.141223735629882
5.1826563993537125,8.760702532806032,-4.594677656180659,5.288461082981246
0.13134109444073871,3.8597578555793612,-4.9462040426315586,5.136561106198491
3.6637580153704197,4.535691270869234,-2.970024811179174,5.602188893759782
7.189153973848982,8.614202240018948,-0.5767345289804496,6.167031681062438
4.9675045345097635,3.4388651100486998,-0.29627579570090623,6.080969170339479
1.577445641937099,4.011175903331846,-4.9214795998685945,4.870717626150167
7.0013269981176895,6.000200286416033,-0.5832136563331312,5.773515971363162
4.582227224639848,6.743094616701033,2.4520763375130556,6.633830884396259
-1.598332825955626,7.874433521397863,-6.769176701336177,4.786445621893423
2.905569478297898,6.751325185915878,-5.026077579439751,4.959079570572403
3.462512286078977,3.53287714886959,-2.4592001156421315,5.804663507110277
0.29956793935440096,5.52766057272025,-4.614099513251164,4.916699197901527
-0.7237350167369277,7.256613440791928,-6.332415029604729,4.910101298117316
4.908754463785256,6.624990933285206,-4.936719637249444,5.7478312627047945
-1.4165746088935385,5.909521308163747,8.149315902485954,7.779946937244952
1.6698259197266294,7.9986798554033385,-4.687159857842936,5.183263396567459
2.5589210222846304,3.0637940086842907,-0.37772716991924316,6.3946859888446905
3.286769222306288,4.717434440105789,-4.979902692583643,5.1129121542440785
-1.653088701274245,4.854034914821737,-3.120608261099879,4.932038018537502
2.893360260065627,5.2844242396503445,-5.3563676335331145,5.082516121882133
6.640684192155578,4.727601031160065,-1.8763616806558598,5.844245488580891
-2.019632839430982,6.492196107323427,-6.637643620894887,4.766156880078676
2.8019583392731944,4.293948999618978,-3.9526617158363204,5.530037697039532
2.5890542249838044,8.167959592977953,-6.665938671918744,5.419210752984211
3.544163472848937,6.153121920562261,-3.6438754139740706,5.126420667844222
-0.276723706341049,7.104523928916789,-4.608714165751877,4.749926234494534
3.046944669747334,3.568137062652935,-4.46919105360021,5.1887446034209255
4.2218926670542505,2.2915581938587204,-5.277609365886291,5.455883905049637
4.384248249315894,0.47039975608197526,-4.4475653205937835,5.510314759929857
6.9620996513941815,8.446494834605895,-1.0134616993289738,5.998837836418814
4.031012576014994,6.32327495080277,-2.3859687563430336,5.393408949476705
2.2528113107433003,6.018510875158377,-3.4231872638851106,5.381888576569274
4.907253208953644,7.983341509425911,-2.2149053982069957,5.947997085331728
-1.3392876875203288,1.6357452079177826,-4.430838431197926,4.976652856225602
7.87393564035278,9.281968172527034,-0.5841818302523216,5.978236885840445
2.747565304190636,5.2250819933132515,-4.6719174855400905,5.590976786474748
0.5888662357359151,7.66240566591438,-4.340468962966334,4.849959074882491
0.29458914407512254,5.48303185498854,-3.4341014493465947,4.800437149536134
6.415799437847503,2.047995885645819,0.5337439642073594,6.014626111863444
3.2256931472610706,7.25116203155504,-3.1839810392888057,5.528802983484176
-0.6665682308840993,6.676613089485103,-4.316035783847101,4.857295052692604
4.72734588244692,0.7369404809002003,-0.7607555718627008,5.559732943018379
2.620526509300589,5.154063885332375,-3.4066433360208763,5.3428911431280905
6.4061997495754435,6.319169298733216,-2.894677848359171,5.575468474861343
5.65286914235053,5.744490514656441,-5.233670991995519,5.605082342160906
2.8164094497088863,4.341204211966467,-5.54836925349125,5.114024875249254
1.1437848653916798,5.576518764958818,-5.918733401717207,5.295030150535683
3.401992038214755,1.4153538820102067,-6.173248174042137,4.933246520053007
0.9196738274579483,5.1494145952878725,-6.892165302100386,4.844538578965658
5.999857206583275,0.29304324272049065,-4.675394381386879,5.548561155994728
2.6815447988080496,3.024051701453011,-4.905718900721831,5.020257317291918
0.03167775975585896,3.250876048760739,-3.9806801389496305,4.889296227257765
2.2165824664622438,3.094220003998479,-5.506662496979843,5.112873768949475
7.713212102095451,4.546535343661703,-1.9615109694908004,6.066465884766051
9.045380799714877,6.756475235630569,3.270347867251172,6.725336062943429
4.343192931063873,6.814760995394034,-5.705171406895543,5.374769404400172
1.3773254388510765,3.391878194856384,-3.3323159877894355,4.846779360715939
2.5087304803127797,7.537687096977182,-2.2640278483798637,5.603592386399709
4.32107070853025,2.292288410154221,-3.84707254533882,5.869883228559188
7.0291854101355336,3.0357608120907953,-1.0242432599950309,5.955732773737692
1.627116466005213,3.276123944259571,-1.9623186496780485,5.377640002987408
3.303189906618564,7.931878616467706,-5.284249682618915,4.975742246270802
6.045506738924453,9.770916784198803,3.636523273082774,6.871592520447496
5.198798440088762,3.8465989395378717,-6.257451229065902,5.53942415652096
8.58699464968313,2.5793693068032306,0.4929297687923394,6.158517453360884
4.706208525974469,2.1638823438769963,-4.571053296991531,5.413717814935122
3.9821467101313797,5.296770370254025,-4.999022300677214,5.216664664480799
4.935340724302071,9.450769956884118,-1.2636728675634121,5.935687288091748
5.8174471195116,4.450178996369768,-6.624372983455364,5.510526230859877
-0.878061139205168,3.1592328634760767,-5.778789408976003,4.750958156333256
3.6794541915359247,2.7846354077811597,-2.4180649895292046,5.185023284954211
3.0101808330520696,12.136800042864326,-2.9003101240169546,5.349178796058873
1.174685659658422,3.808017271086103,-4.466015674850755,4.796885873077478
2.860375110626372,2.788078355124413,-5.370822053232498,5.575574734029668
1.1971215827186747,7.573024145925626,-6.107245842266312,4.806592031995771
0.722853410321146,2.759073707481038,-2.3105396012289248,5.030732108499726
1.9074731623095826,7.830947147535734,-5.355901187653663,5.481529021794052
-0.42233894207695344,6.717169934724127,-5.995000008620112,5.092747529297488
3.0217747281208096,5.648676708328932,-7.597735923933756,5.3266752977187855
4.525755197023283,3.8989742336763484,-1.2293943292062581,5.897918316477152
8.058870496396715,2.079656324752398,3.519866741098641,6.790782644886836
0.3790164463106569,4.588080190641151,-2.80071993967611,4.730136436934013
6.246546824990256,4.178548743432416,-7.129437326814573,5.546881498359618
7.113842191316916,3.7641819687810116,0.2428036677708515,6.191786081425116
2.748425389755374,8.242033220781048,-3.6239884044165307,5.437274783984099
4.787544748352718,4.2057427246479575,-4.100083745552503,5.51161570966781
4.21599368674547,3.049853982208215,-5.417721965866807,4.962580614590952
1.4375104052979322,5.435257539948762,-6.112568438262342,5.117832581527959
2.0928485938873145,5.445205894770011,-5.039118029270664,5.803999987669173
1.2052562265858269,10.1280040255525,-1.9961412605697029,5.06081055007202
0.3955180495252042,4.184120668440389,-3.742323012480912,4.744439589684604
0.3177513613463776,5.359483352977847,-5.019179114754493,5.2436820431425595
6.140152239264048,4.5467845684770065,2.2907489883931116,6.600252404014239
3.2104172361073537,3.502646677695653,-3.3321411705216457,5.11760575238914
3.5918098498159137,7.264490180992088,-2.629726625897197,5.532743806463405
5.343631562262642,7.224790452207453,0.9945677741922382,6.58721965113016
1.4110649921334597,5.366090414092216,-2.7682950284446113,5.380717140589825
0.6430841154632617,4.934540141272217,-3.7099632270397622,4.799083691116929
1.3400651192022035,9.304780418419535,-4.032591819257344,5.074202761251894
2.7637712209223047,5.1273805306509,-4.892227970197244,5.221006196370833
1.0509163301090116,1.9054011090747371,-4.984949159159539,4.82129401250753
8.193776219823054,3.4398194150994312,2.3302429164746608,6.802242127706952
2.464473330049322,7.301841739872616,-2.6808644159716657,5.777126049678539
2.2566673275071594,5.9706693350870985,-6.274814247679706,5.5193537399016925
-0.6418539612044678,2.784622074882488,-7.131882575047333,4.83826511300546
-0.29005386270888545,2.399112011045778,-2.551522349199467,4.825146132334906
5.450844517563979,3.2028106743577704,-1.0678726982334426,6.00042703948795
6.9217950452221135,3.67223079954106,-3.7771047713542445,5.524958109300169
3.378875812528246,5.52496719484153,-5.645216162155518,5.375165469017728
-0.7665342887804816,5.448484393851238,-5.647838183907948,5.021513304417255
1.1948443915909324,5.321149425405496,-2.5234850019529653,4.79901276222916
3.3451435713710365,3.457914710042264,-4.586895023440899,4.979400027573689
1.2802045323387463,6.268843858076201,-2.4291833119631625,5.044767944904924
1.8652967895738177,5.73199476216175,-5.677464125413447,5.468976023202183
0.28960001417343584,5.724311931007201,-6.485408457282203,5.132985016992056
3.6846139415132155,7.526284131042871,-8.488150817320653,5.19382891679174
1.870588158082134,2.965824550373319,-5.12748978183885,5.2131120181710235
8.246370114576669,4.499526862510214,-2.6994690176543417,5.584641994964615
1.7552688909422618,8.73235679002778,-2.993432797443673,4.946783274787704
7.728565528011073,8.008076858470716,3.0065581599809916,6.406744360449392
-1.0647947411190934,5.426917131111052,-3.1989820630182195,4.945926463217982
5.923275195161749,4.571836242110811,-3.455104405581185,5.55919904199539
2.6834126412469432,6.056885083276835,-5.845495430778419,5.2089614297690545
1.0263277445701167,5.2543660679300945,-5.231397765955757,5.090861183125049
1.5891299152428557,2.1325382938672073,-7.176041257254257,5.064365521604131
4.614046495248931,5.805954446974702,3.2651013005522547,6.546862673177999
4.694432522846556,2.4440863289615935,-2.1333480930766715,6.075645650597214
2.852952096962941,8.673903693324762,-7.200817922960751,5.171022292712836
4.838146511669375,3.6601365435998585,-2.8099772225577837,5.225858062679449
4.605003515736655,3.005040392967653,-1.8114921116746483,5.743962089237689
5.079910790857523,2.870762496323205,1.9025602914137034,6.170894365762831
4.874937705551572,3.0777624235707637,-2.603959541189686,5.895114255619075
4.705491813256405,6.072024081633566,-2.8870986955114617,5.235343068831909
0.6944721754139977,5.518897174174191,-3.6417707484804023,5.2377035939021495
3.0785857393349607,5.047212499079958,-3.114970727597939,5.836232355694225
3.39004876556162,8.451396610167142,-4.645344160674821,5.364416003325043
-0.09196240210883566,5.610758847171797,-6.653473304110127,4.927781282004603
3.575032104446995,5.246609091968464,-4.720574839667003,5.502623899572691
6.285556390244352,7.305042817867627,-2.1842415874625716,5.585696393623922
2.2970802324491904,1.6230424730480122,-4.761342471819056,5.272416069381188
4.35781662353792,6.413902540356787,-4.78962122667974,5.58603973186616
2.8328847430882487,10.193716528939639,-1.111482536231582,5.973993755479516
5.485008217921316,5.812660982130345,-1.8499036444681107,6.282137789510905
5.247730621005545,8.938387548004105,-4.54061047618721,5.417478794697443
2.094922110188552,4.259636352036992,-2.158029025512204,5.474600060953898
4.56344585630363,2.2615262332978636,-3.7363986174994466,5.121977239117823
1.4179738957834367,6.3234979741493635,-3.7599297875057025,5.18846865262672
1.861989417950983,3.6785075468339707,-4.69881597087793,4.826301880480735
8.987006366430013,6.737181839115877,11.50472423244251,13.489141493181885
2.4400964590783505,8.367291572001994,12.442411046842986,13.908682365240443
-0.6101771778194014,8.347509287364156,14.249305932063109,14.030016983243762
10.884370421194694,7.707143406867336,7.7825401074205605,13.244838259673289
9.18367908830314,4.437884775045919,7.3275986830471425,13.272223567478015
11.331425340292975,5.272613201239386,7.978366181063329,13.039753501420051
6.285400912567819,6.162841496031269,11.893829146415305,13.602007705953929
10.392548622771503,6.089759740075692,1.5098675890448217,12.683841759648066
11.815852965167585,5.836160619057144,7.733788074913996,13.34157551303311
1.9950107125107184,1.0909638044290215,15.721088236581945,14.009173191951989
6.211606713924019,8.14845258958956,11.513015938024468,13.546651401598172
12.343892602718215,5.831342152757889,7.887836700659529,13.216046133833771
3.3563520646011864,-0.39169540014514015,15.38032309419753,13.977866675792335
1.6615451452154144,7.880150434182039,13.923254630762285,13.975658983078954
10.682617565397962,1.5255996589961343,6.6384347787062445,13.309725437728115
5.114123596227798,2.116791236142658,12.274110870740657,13.772052260476935
13.114865020278968,1.175131337900579,9.997959260232104,13.25145694611926
7.969593908292356,-0.37172622915391607,8.365305780233939,13.445088081475411
2.9535942229458714,8.001109461958599,14.855600566366014,13.808821111311673
14.3445914837821,6.416778701060169,2.276239021558363,12.667559610965007
4.97392836129079,5.62189317831076,13.34893625755328,13.824060312232819
9.7793432006182,7.332410956925163,11.72298737016479,13.631593986206754
7.100972543620115,8.229518875573085,12.518666673179474,13.54562071507037
5.1194057989110195,0.18175976476391442,10.689468565744326,13.523010081919834
4.024673793757462,9.924855185325558,9.148747022887408,13.590194810938927
5.1344733830366245,4.380017880539826,16.77332942491706,13.928500196898456
5.485996437585587,7.165693711358587,13.652396694470275,13.82847641575267
7.365678286584284,1.5213734525356075,12.109620715808873,13.48114780108689
3.8658325219919716,3.3323741041097765,13.656711255030746,13.759352576524229
11.794742783932556,5.411067750552545,5.947824126879357,13.05057767221633
11.335162451487173,1.5272272411922267,-0.4236568485164843,12.593317705184582
8.113158520091728,3.3652924916450315,10.014107635378503,13.61379555527567
2.9417802708631196,3.688126865197879,11.88497574576622,13.920498024937446
10.808625105649284,3.1612936235976967,1.1543843699258822,12.695677258117557
7.900615226648388,9.437406316596203,10.620957849738344,13.594084269717106
6.844480211126182,7.013596849745969,12.936573237241662,13.779597471388934
11.575531398098837,6.712930328174199,8.04477765255406,12.9503694837084
9.884481648426052,1.653298155744198,5.368663547757621,13.068700288405651
-0.1486748435248051,2.885140990735549,13.63521414030477,14.059955008115315
6.534843557459706,2.6535582780658533,-9.399201529593375,11.696332126915287
8.220511868974404,4.682327496144859,10.722248631129933,13.45363747651493
2.6924284794267024,10.812913219244852,15.334632660331323,14.016964936982092
13.480543743952186,3.6210630085247457,6.796745912676414,13.017070692964928
9.47709407677225,9.365026182009892,10.917533753742239,13.60011060706195
5.217352304284467,7.139524143791167,13.667141268932236,13.822495223804484
4.76314846642649,2.394503084337499,16.428696609796756,13.865665159242946
9.93895173277549,7.991410362640189,4.2771340238745275,13.064913755686037
11.570234961502269,3.8228528417150796,4.959321177751617,12.871060087643775
13.766679467422005,9.365248860503717,-0.717974314181689,12.526046794035452
8.001894513679588,7.162954802594775,7.703095717500932,13.410023578880642
2.237106244561172,3.7611722196060104,12.595537773703125,13.933632500962048
11.607204574279624,7.375106543128734,9.921930106005595,13.298240409960771
3.779392082016157,1.4831412960790744,13.373699331638976,13.771598656419664
2.7262409255524753,8.187569995257832,11.511136516517125,13.902661473871962
13.543312705957579,3.467171019025316,5.054410170659337,12.92315577751376
4.2184357081222945,5.23766850593298,13.082187278133645,13.842365521567352
2.0181172680499238,3.5672917481345707,11.934237807801686,13.897520640678835
10.116207178039918,4.234860503860825,9.08622058950949,13.288776261215782
5.042319038908806,4.3482505032161605,13.357976291624857,13.926878453584461
7.173883498812247,6.884479050714796,11.157240326721167,13.604040461840448
5.313159212698344,2.1658922555383495,10.6597834073443,13.82069834065446
2.528845732373326,5.891648077647362,11.275619727088234,13.952229626641799
10.471621464937876,2.601017511246702,5.598120781510962,13.125007346065717
14.600381380997275,4.396296047639622,-2.399176416900427,12.341544717488127
3.3334707776199792,0.6298295879300357,15.976680835162462,13.87647043668873
8.35424285313144,6.6933569914027915,10.838739981118202,13.400800708846495
-0.10390932462923344,5.3842636247948805,15.745400444253416,14.123618575976021
6.003321459713349,5.732716771064499,13.07169657951247,13.690907245444922
8.156602628622416,1.7715898069659068,11.98480222430226,13.443003627269137
0.8925016561832189,3.9796382974555753,13.586381190475441,13.990978905810179
3.286506525135607,4.485989822754162,12.13621836278528,13.804201743862768
2.247475730174828,6.014404313213248,16.275451873912793,13.964780741994952
11.969204140802225,-0.3081526461273465,1.0087661091682554,12.75242918839145
-2.387876328464417,1.2714847677779701,13.276484121304371,14.069986840799091
6.5170226799731195,9.853463108905686,12.582962674187062,13.601535010312958
3.9109359584274017,3.0766800109211307,12.270035819282175,13.769076100898245
10.50947760699086,1.6422873470044177,-0.488202466647199,12.464877131133946
5.062395088376273,9.16384596274611,11.6331725078379,13.76637950082653
5.074719438764618,2.7637690236909176,13.485865627189316,13.75374011962332
12.415166921843856,2.9420361700879645,5.582935291920668,12.889105844313296
6.440554992750336,6.4095904601552895,10.619388230770163,13.690065171362429
1.8151028884646006,2.430122962143002,14.270474629873132,14.009457996428871
-0.012476518615058468,6.900078219478495,11.767310197723814,14.124079747501867
12.4099417883801,3.6003410116783097,-0.4598782589365391,12.457360708083566
6.51861219347588,-0.15517014473226198,14.131961792283871,13.90950110566816
7.420802911667545,6.019235078618523,11.937159300541916,13.598459785488432
11.19639683912091,7.084605171399044,4.608287314072827,12.989249424979631
0.5083989872037724,2.9106303305546053,14.970396894203533,14.05717731810332
10.07763388501712,5.704363826955339,7.00451127609931,13.001744639246235
10.876201461158821,3.204593821935726,5.055132807015131,13.020435888601845
9.691985940157856,3.478442887609289,1.7321252585978884,12.80497754889272
12.283325807537036,3.2607833156431183,6.854925372997412,13.018092196257937
0.4273218912216681,5.085236478259091,10.979605446871481,13.833890076130867
9.796859909735794,0.8035910465268041,9.309653900452028,13.15086127494897
11.714643779709503,1.0491367910765712,11.129937832345117,13.556910496827532
9.160769923654943,-0.04316240725771081,11.093791128653884,13.504501812206502
2.4016907551393656,7.957564908291577,15.364838930721692,13.848727167136822
7.185628235157038,6.823354359128932,10.19756212835076,13.654661270040124
7.072295066759723,4.285692233797544,11.17421267570323,13.692326153999621
7.722609028772147,3.783558427397073,7.588322305939243,13.563976613958289
12.101774093024828,3.1187282728338457,-0.25643321666541774,12.682473861888422
7.212387268341729,2.4581661905925305,9.622243381121539,13.357561631917497
8.06549555486623,4.194080013720576,10.850637079019007,13.635651255890128
3.753024206494727,4.544753036823098,13.9957111400725,13.820362747084499
12.589351272811015,6.689338989236998,0.7579547110616125,12.873618145663254
9.697833063832615,6.0478665646950365,-5.784655423416285,11.847575473361704
4.3702835340162025,4.230103212413317,12.05185030424624,14.034740566157986
10.880410493832567,5.861011390147877,-0.9648047988950057,12.343100464877804
5.778267401498238,5.556607479722431,13.988514283805868,13.786023015180222
12.003103249773321,3.1702197896373185,12.089822329174964,13.295236828236732
0.5130576443920871,5.848661163933518,13.548252094266171,14.114070668833266
13.22066890360046,2.5111839087967667,0.9354149346293956,12.604890685199504
5.183610909504224,3.438559082005528,10.339836483776287,13.63783697878487
13.553147189795967,9.328526884600794,1.6720536257564964,12.803275369695251
5.458525839181689,5.524871366875118,14.01963406960344,13.73143937694641
6.447439766050362,4.998442293771822,13.675609545950984,13.750171892432485
5.239959764133406,6.955390007520982,12.04013885470591,13.876884138433544
10.006090998486439,3.1638656531940605,8.663833253344382,13.417406201024406
2.795539233191443,2.9178250839355675,14.576591911846931,13.976717274720542
0.7439588558497334,7.01856496987132,14.925635995510877,14.044204503064844
6.0939945634562305,2.63566701829028,-9.635654052801085,11.554984240924268
7.5739806196386015,4.364833636629884,14.306612471521895,13.658536147964677
8.683786167889174,3.482242897613823,10.376050137052227,13.481417937050827
4.565887762715995,2.466565845101044,13.016616520390302,13.77479499201359
1.6352890620561986,8.197435538213494,14.562356790063482,14.012165960110321
9.039019101255489,2.101922948019877,8.917213862189842,13.384645175719188
10.740365107641907,1.4261452466318403,13.246757837677428,13.527870313325238
11.930491888270524,5.487520710580304,11.496302473408026,13.44790698686123
6.241211635479948,3.7486979927655937,12.283948618764116,13.750857461750218
6.373662830953376,1.7662649273691926,10.697924556982136,13.618871980553404
4.702331829167832,1.4812081400281194,11.824005756729365,13.725038203197888
8.662242163946651,4.139039972570427,10.12711472706622,13.457267718863188
9.24041668917859,-0.8543082902198758,9.54698339608287,13.40148798547627
12.899125986929333,7.192720439897753,2.4784550809257038,12.687883564093818
12.17982369246722,8.813560315775268,4.667836061304208,12.944482821518362
6.4370065697729455,3.0709987148424984,12.794564923396388,13.68993712219718
6.6886778241387095,5.3039078140349405,-7.647379161711429,11.744660052611419
10.145444062701472,2.249275939083389,11.127052851026617,13.440465515081492
10.590831204524303,7.767564341362497,1.750731148694393,12.768712947521843
8.80303924627822,2.368191201511577,9.187819235910995,13.201761986858244
5.172624474545089,2.236321079901204,15.694656431291158,13.790050752648929
0.48174498124675447,-0.37611543723738095,17.96038353311458,13.997265522232595
9.56083999131718,4.855714978088586,8.766195197640652,13.410631667036137
5.6452044819163625,4.536052305763047,11.76619005964396,13.63909478445876
0.868948336448212,5.671741379613514,15.955387076157152,14.007324539000514
10.561412673990347,4.29846503944107,6.641449616043248,13.29973732768566
3.2575943928500033,7.803369956088718,11.946113843562792,13.999546075125938
0.2855216841941399,4.268949808681057,12.7337295868217,13.981250241122947
11.463130071067079,3.4593281223993047,9.943620130809087,13.241457345250238
4.508601521146278,6.113615709946543,13.163013920992276,13.85544690776912
8.819198620663855,5.190188589722195,11.555989106909125,13.785468804338386
3.6615372092648757,3.9730545740147356,13.86176716970514,13.782809549479099
7.331279149346736,4.288415660637539,10.331933514366552,13.562824395047533
0.3026890707023653,5.711974329970188,13.41365766309703,13.937875257745809
0.18904529560049266,2.7673076732228483,8.433824749763609,14.068591344871708
9.069272971979345,7.209992205163095,11.389278478461781,13.601121006407938
9.329899020150737,8.315805624460477,8.831661643654668,13.33677838139233
4.04658410957129,2.7787282938744537,12.421247958910435,13.701071026071483
3.281407392282187,4.80779724285584,13.802135270202227,13.902726877985115
7.808315048979572,2.0956890604687204,13.19525125431954,13.425712771079152
-0.08570773484782368,5.371266173048587,11.449231936960114,13.924957238581808
11.942980409103608,3.7097441009072414,4.302649595527049,12.926161704356119
12.198292401753148,3.2711156320395904,3.3506500302238695,12.992207199328387
9.495109843920343,8.519617577402336,8.534958033533359,13.228788612830419
11.336965569610292,2.1438285008685556,8.997054568063133,13.213469163845069
10.72813509923527,4.426576596662766,3.160624163179633,13.032418600084478
8.507016671673211,5.089399972027662,11.650180099903448,13.590128603226681
1.8874602695373095,7.903859173681692,14.717520850966686,14.00155980158386
11.399409499403633,7.30951076440734,2.5240725216553956,12.716502764091633
11.192676895362295,7.961011312183965,7.264760767391037,12.952430148251713
9.076297696929117,8.584551821412447,14.215131786349696,13.459888302237063
13.645299296546018,5.5005191927772925,4.908481263514552,12.69782050560389
5.6218748453908995,1.4793980318835667,10.641755881328582,13.432866528422482
3.388056828318349,3.769284185487969,13.091707580675706,13.949105427516306
11.09486713160927,5.314786674266197,0.3823914233333797,12.593600086806292
4.494148478748104,4.9411117222715895,13.524351812106023,13.981126569320278
1.668629503292586,4.747150062245605,15.758544407667872,13.946107900448528
11.667501873355523,3.9382179912557227,5.444659719098717,13.043388091830131
7.434968083045832,3.237635468336231,11.787063103446046,13.53535441679227
2.8810838683868853,4.926854042702906,11.187659463890705,14.039448146970638
3.026449663556616,5.064595918878906,12.364412494776081,13.981107252453727
0.49756460524017765,3.0764606222733084,13.669819944362024,14.020448992167646
10.838284482026026,5.319748154900195,12.578190133007483,13.549131183869495
10.271517160937181,3.3774394720779215,5.965837889658234,13.344085379952466
4.150319323160348,6.3497432742165065,11.823727232256662,13.562638233260227
11.901476476192205,8.11914435661527,-2.022181356959159,12.443462770019156
7.848787148854636,6.5954120275042545,11.325392362528477,13.630456742775582
11.844350651096201,5.881998976634693,4.49053943834159,12.961910564480181
4.866449040269934,3.016514429130197,9.921712321521756,13.752979025715845
5.801117188101114,4.893390597397707,13.580546707660323,13.725353640453738
2.209493373374514,3.5897864554203056,14.96830044129842,13.956896429819631
2.5209042313264924,5.956591513716072,14.051514811665916,13.795378945999381
15.911848267332218,7.968258083162164,-0.07127120876507176,12.38741863413846
3.9918395088284577,4.9285414779086345,11.880843532011857,13.870820899180522
7.897907357496685,6.128933789016974,10.158439754455298,13.423924613471272
2.8800650015668348,9.52104665647059,10.458801658563953,13.97679707443023
8.863025314816438,1.8161097399429336,-9.002282881503202,12.002719013336193
0.4059199640389062,7.95862839859291,14.390557001443035,14.060437696727
2.4572287637913557,3.163804558573017,14.251173654417045,13.855606743015333
3.1849461995314714,3.5054868302268285,12.791609753049585,13.825125192215252
2.8165097743155547,5.201248767126096,15.351324848996803,13.881805509368512
3.115225120064008,7.054029091414701,14.970269760293476,14.063808658014402
3.991432643977787,4.351996726098697,10.582260709432465,13.820639532737065
0.2058091145007538,7.5142440767766345,13.130551466153353,14.071871319946606
12.569696491831644,6.01819747787859,2.6621755819057507,12.815861284855547
11.402146031975244,3.2566917772028368,6.966529331127324,13.19413651256914
10.947454083629866,3.2049115600331675,-6.661693082029895,12.039431781259538
6.924269623426375,9.800499844083788,12.198828765184595,13.715019504820747
12.587476943460434,8.482532396758488,-5.678228438423467,11.97659619718541
10.478565128926443,-0.4175101881970512,9.708099849868447,13.471525809383703
3.191821199808441,3.6425825876690903,13.9865766362762,13.907276113739332
2.6921116859882717,0.7670658874068254,13.384873380044347,13.971502557768954
5.216210773866606,5.423107669785076,9.004517704045,13.689571861144543
8.557292542318024,2.3355743242018665,13.018370825185627,13.564559736362678
2.5906322315874593,3.4349514251358633,11.971969999729975,13.720956467723381
9.165427619898619,5.838409512324876,13.181151745603563,13.645263030384355
0.14787698858358744,5.082790838835843,12.70415584264615,14.084115244869764
3.243568052876068,9.056214020921681,13.253644445215578,13.941027522059402
7.388351918429094,6.407984900546245,9.150479238960369,13.579510244387132
2.9793908739735233,5.2605146018686195,14.197306596699542,13.862301646791456
4.618715005934755,5.623532721318705,12.519375032543245,13.888764042681256
4.189432122813642,3.1511285657209243,11.66047916598075,13.679066717425433
6.844179778922504,4.845142361448687,12.412129679454104,13.574535197869396
4.856999739567184,7.141646133966689,12.088508019780775,13.87322206281261
7.624118908258531,6.296111894083947,14.3142294628264,13.64514485098331
10.870998459015297,7.823102439830309,3.3341879067118096,12.968452476382806
8.231894752631508,4.226461770556519,11.869265549155786,13.75502514550284
12.86300852429677,7.963049484950315,10.777339940288282,13.317675640032059
10.48136479202292,3.586483942183163,10.368889535690508,13.469140143444902
10.625945157386651,11.383583412813493,5.245153905115619,13.04337641551423
3.897696561293791,4.263986054132899,13.372039997071328,13.98345108422684
2.8708870507754103,3.385419340416182,13.385125193961303,13.78795400571685
8.522036565655732,9.13946484238819,10.59999831328011,13.533072509752385
4.590295042965613,8.764930246893654,13.62495454837179,13.67011412449224
10.680761223501836,3.3483783921736983,7.274162426254286,12.976802980219743
12.148284528943394,7.046637804615452,7.385960244271795,13.153995763250526
8.826582766198193,7.078741008351502,10.13133633366507,13.436225687837164
3.420035960714099,5.581964485581431,14.15632309718694,13.802332866114693
6.611079310932503,7.620767409272546,12.836536194416318,13.794257387926525
11.259689159824688,6.45082035728459,8.01020570251785,13.129777896413401
1.2885069498651105,6.128144084986669,14.366940720529385,13.866017748225664
3.766422831442779,6.132408987332402,13.469849008678038,14.05877836798246
6.247671653185606,7.687993517986255,14.465161193625896,13.853106059534802
6.468942068848108,2.243744061556639,11.665727951305628,13.49601222329874
7.819806013355998,5.9087214490519715,11.92761805660037,13.720670256466688
2.9671838290994277,7.018478413479349,15.442904374979415,13.913062687184462
1.0081418330199745,4.383558385457014,14.349966333786295,14.113522493532688
0.947647731751881,4.86225326241241,13.029295622337106,14.076026246113067
5.4192101265093795,2.8150453103516715,12.424905715233153,13.566859895363145
14.187238128728573,4.361851747949887,1.0762776023843479,12.559993224926195
3.4399313322456577,5.8917159796972545,13.553535955911165,13.737789113009407
4.9032773171893345,4.715405325381296,13.208367138255117,13.84252513766701
8.30663125269549,7.091227164669269,10.227643219636914,13.460403351025654
7.876886070088803,5.194845758611608,11.441772172590188,13.42377413466022
3.2260400530276234,2.953005582782369,8.602940473291554,13.965435039006904
10.164769781792756,8.373085305248512,10.64293068349635,13.316756211529183
15.006046392900641,10.909827495131296,2.796469063102074,12.59221551579565
1.5464875300286254,6.520349796545392,12.596169089812678,13.839682180816219
10.54405402625942,4.427246229757797,9.028150436213624,13.332457053617992
-0.0529850260428773,6.074258911700663,16.249698485230528,14.10767858451208
3.9264023481305816,4.602796565725592,15.6146547750314,14.039779417234145
10.303569280563677,3.2825137950370733,7.982354728668032,13.320289902090641
1.3181976699460172,7.234021581225354,14.006317027395585,14.114784741025161
12.504485152855903,6.886104954376628,3.2766981801807527,12.928684049084174
14.284853751238316,2.1964354126302275,2.6106821810432286,12.520367222628582
12.895395768832593,4.987854355872808,0.28748972363035513,12.559041010758557
8.531055186348144,5.947091523926403,9.961056015140453,13.528837907735516
0.38260516694525903,3.0082254092705796,14.595230658388637,14.076313261597173
3.3006992443977348,3.2976979001241404,12.728405132591751,13.83426764877743
11.071721517130667,2.8004290134896603,8.9971896737666,13.313224845143633
12.607519167201458,4.651275236416827,3.0321717773639367,12.765266128609532
6.251977267687161,3.5992406479316976,16.201578957091417,13.849509853135844
-1.212719272905947,2.2563962441836467,13.923423907324572,14.022409368729058
12.542799975423884,6.121368185097456,0.9863981496056307,12.579507870607637
11.209451340861445,6.294558231718405,1.7262764112345717,12.887070342019486
8.57709747610447,5.385741499879709,10.442843804485447,13.219262993515756
5.211690381627441,7.8487078453405115,11.215451258553605,13.748443887023997
5.35333636423105,4.270717750227848,8.428839268725685,13.510177127631984
4.38023916576581,7.56025684918921,11.888798928914884,13.811978507650746
8.32573049649884,2.809013504249182,9.51244648688845,13.36845126564685
9.610870338160044,6.803749307736734,5.16104258331208,13.00123179245739
13.371006723820878,5.523410972005552,1.5654758484323108,12.456237643080577
7.318034953151036,2.0226252641853795,10.90112345280094,13.616977835871946
